,title,score,id,subreddit,url,num_comments,body,created
0,"The objective of the Inner Engineering course is to render you to explore your highest potential through powerful processes of self-transformation, distilled essence of classical yoga, meditations to address key aspects of life, and access to secrets of ancient wisdom. Swipe up to explore",108,p0vfn6,Sadhguru,https://isha.co/IEO-Quora,10,,1628488592.0
1,What should I do for a daily practice?,5,suwceh,Sadhguru,https://www.reddit.com/r/Sadhguru/comments/suwceh/what_should_i_do_for_a_daily_practice/,6,"I finished inner engineering online about a week ago. I learned so much and as much as I tried I don't think I retained everything. I've only do a couple chit Shakti medications, but find during the imagination parts I'm allllllllllllll over the place. For investigating, what are some daily practices you guys do? I'm trying bring awareness to my anxiety and social phobia particularly. Thank you for the help.",1645124208.0
2,Is Shoonya intensive taught by Sadhguru himself,6,susuo0,Sadhguru,https://www.reddit.com/r/Sadhguru/comments/susuo0/is_shoonya_intensive_taught_by_sadhguru_himself/,10,"Namaskaram, everytime that Shoonya is taught and initiated at IYC, is Sadhguru present for it or is he usually never, 
also was he present for any in 2021/22

Really wanted to know
Thankyou",1645115371.0
3,What Will World Look Like in 22 Years? #ConsciousPlanet,1,sv4z4j,Sadhguru,https://www.youtube.com/watch?v=p4JqihR0wts,0,,1645147004.0
4,"I was planning on starting on neem and turmeric soon but the rumours about it causing digestion and fertility problems , is there any base to these rumours ? Should I ignore them completely?",8,sup4dy,Sadhguru,https://www.reddit.com/r/Sadhguru/comments/sup4dy/i_was_planning_on_starting_on_neem_and_turmeric/,4,,1645105395.0
5,Practicing Yogasanas has been life changing for me,45,sufcgb,Sadhguru,https://i.redd.it/zu542r19hbi81.jpg,3,,1645070356.0
6,There is no good and bad,6,sul9me,Sadhguru,https://www.reddit.com/r/Sadhguru/comments/sul9me/there_is_no_good_and_bad/,0,"Your inner world ‚Äì if you want to call it that ‚Äì should only be a reflection of what is around you. This may be diametrically opposite to some moral theories that say the outer and the inner should not touch each other, otherwise you would immediately get corrupted by everything.
You look at one thing as good, something else as bad. You get attached to what you consider as good. You desperately try to avoid what you consider as bad, and of course that will rule you from inside. This is not the way to be. Seeing everything just the way it is ‚Äì that is the way to be within. If you see something other than what is there, it means you are contaminating the world with your opinions and prejudices.

Creation is made so that you see it the way it is, not to make it the way you want to make it. This is an obscenity that humanity is committing upon the Creator‚Äôs creation. Such a magnificent creation ‚Äì what is there for you to do? Absorb it if you can ‚Äì nothing more ‚Äì and even that is not simple because creation is phenomenally multi-tiered. So many phenomena are happening right here ‚Äì one inside the other, all in one space, all in one time.

Everything that you think is past, everything that you think will be future is right here. If you see everything the way it is, if the whole creation reflects within you, if you can contain creation the way it is within you, you become the very source of creation. That is the way to be, inside and outside.",1645092031.0
7,"I experienced that whenever I am away from soil or nature, I get skin diseases very quickly. It is true that nature is secretly (secretly because we are ignorant) healing our diseases. Have you experience something like this?",11,sug71k,Sadhguru,https://v.redd.it/dtkg8ns4pbi81,2,,1645073019.0
8,Debate with a Sanatan Dharmi,6,sugtx3,Sadhguru,https://www.reddit.com/r/Sadhguru/comments/sugtx3/debate_with_a_sanatan_dharmi/,4,"Yesterday someone asked me to perform a certain simple ritual for Krishna, because they did not have time. I denied stating that this is a part of devotion and it shouldn't be delegated like this. I was consequently accused of being a monotheic, shiv-bhakt who disregards all the other aspects of sanatan dharma or Hinduism. Where does this argument lead to? How do we convey the message of ""follow whatever you want""?",1645075149.0
9,Don't try to be special...,10,suae7w,Sadhguru,https://v.redd.it/f8zqvjajaai81,1,,1645056023.0
10,How to Deal With A Toxic Personality | Sadhguru,5,subwdp,Sadhguru,https://www.youtube.com/watch?v=8Af53lN8BxY,0,,1645060323.0
11,How to control the mind?,32,stw0kd,Sadhguru,https://v.redd.it/zbdb2s0s67i81,1,,1645018417.0
12,"Yoga means union. When an individual achieves a kind of perfection within himself, where in his experience, he has become one with everything, then he is in a state of yoga.",21,stvewl,Sadhguru,https://i.redd.it/apgsllzg17i81.jpg,3,,1645016622.0
13,"Machel Montano, soca singer, actor, songwriter and record producer celebrated his 2nd Wedding aniversary on 14th February this year. Here is a cute video with his wife Reene Montano. Cute..Yess..??",17,stvlza,Sadhguru,https://v.redd.it/qry2ij4627i81,3,,1645017217.0
14,Trying to look like this after a few yoga center visits,41,stm8h1,Sadhguru,https://i.redd.it/ptqsb0iib4i81.jpg,7,,1644983679.0
15,Get Yourself Knocked in the Head,7,stv3lc,Sadhguru,https://youtu.be/8Af53lN8BxY,0,,1645015722.0
16,The best sleeping Direction & Position for Deep Sleep | Sadhguru,4,sttyn3,Sadhguru,https://youtube.com/watch?v=Qx95ccmawCo&feature=share,0,,1645011915.0
17,Why Sadhguru is an MS Dhoni Fan | Sadhguru #shorts #cricket,9,stin7h,Sadhguru,https://www.youtube.com/watch?v=8EJJNHiqvek,0,,1644973220.0
18,Quite surprising that a tiny creature as small as an insect has the key of our lives in its hands. I think that is the beauty of ecosystem. Everyone is equally significant in nature yet the humans think they're superior.,24,st6bh4,Sadhguru,https://i.redd.it/ct75i8lws0i81.jpg,1,,1644941100.0
19,Are you actually living or not ?,24,st5qk9,Sadhguru,https://v.redd.it/s6gvymuao0i81,0,,1644939607.0
20,How To Be A Successful Human Being | Sadhguru #shorts #success,4,stin5h,Sadhguru,https://www.youtube.com/watch?v=-NbmqaeHVIA,0,,1644973218.0
21,Nothing like a mid day Sadhguru quote - any other quotes recommendations?,34,st03yc,Sadhguru,https://i.redd.it/tq943agk6zh81.jpg,0,,1644921480.0
22,The most darkest night of the year. 1st march 2022.,11,st0flm,Sadhguru,https://www.reddit.com/r/Sadhguru/comments/st0flm/the_most_darkest_night_of_the_year_1st_march_2022/,1,"Let's stay awake throughout the whole night with Sadhguru. 
[Mahasivratri ](https://youtube.com/shorts/N2bdC4X4Crg?feature=share)",1644922820.0
23,A friendly debate,2,st3hfh,Sadhguru,https://www.reddit.com/r/Sadhguru/comments/st3hfh/a_friendly_debate/,3,"Hey, it's your fav. 

Would like to do a live debate on Mahasamadhi. Bring your notes. I don't need any. Last time I had the audacity to question the objectively bizarre nature of her death I was doxxed and some of you kind people even took the time to access my medical records and post on my social media the struggles of being put on an addictive tranquilizer in an attempt to shame me. 

So if you're able to speak without sentimentality and ACTUALLY believe this story, hit me up, and I'll call you and we can go for it. I don't expect a response but would love to be able to actually question a person who demands to be a public figure without his peaceful acolytes attempting to threaten me like the Church of Scientology. 

I'm a very polite person. This has been my experience with your community. If you'd like to have a debate like an adult, DM me. If you'd like to use your copy paste strawmen arguments and attack my character there's a big ol comment section down there where you can talk to yourself.

Hope you're all good Chung Shung.",1644933334.0
24,What‚Äôs the significance of the black cloth?,3,ssxgbk,Sadhguru,https://www.reddit.com/r/Sadhguru/comments/ssxgbk/whats_the_significance_of_the_black_cloth/,2,"I‚Äôve started my MSR sadhana last week, and as part of the process we are required to tie this black cloth on the upper arm. I‚Äôve heard a line or two around the significance of this, but can‚Äôt for the life of me, seem to remember now. Does anyone know more about this or have a reference to any related article/video?",1644910606.0
25,Are You Willing to Do Anything For Your Love Affair? #shorts #ValentinesDay #love,7,ssq7lp,Sadhguru,https://www.youtube.com/watch?v=oQjknYPDikg,0,,1644886811.0
26,The Magic of Falling in Love | Sadhguru,5,ssq7ll,Sadhguru,https://www.youtube.com/watch?v=jflN8g0HGW0,0,,1644886811.0
27,What do you think - Are gadgets helping youth or distracting them?,25,ssekxy,Sadhguru,https://i.redd.it/sy5g2mcorth81.jpg,4,,1644855939.0
28,Did Joe Rogan just post Sadhguru's video on his Instagram account? WOAH. Next we need a podcast with the two of them!,44,ss7o9i,Sadhguru,https://i.redd.it/a0wadlk81sh81.jpg,28,,1644835030.0
29,"Did you know that Dr Jane Goodall, World's Leading Primatologist & UN Messenger of Peace supports the movement #SaveSoil which is picking momentum? Thousands of eminent intellectuals, scientists, celebrities, policy experts and spiritual leaders are uniting for this common goal, to restore the soil.",31,ss6y67,Sadhguru,https://i.redd.it/js8yol4atrh81.png,7,,1644832264.0
30,"Adiyogi Wallpapers - Adiyogi wallpapers for your smartphone! - All wallpapers are made in 2000x4000 resolution. - There are total 15 wallpaper for now, But I'll add more soon... It completely free to download, But you can also show some love by paying me :)",7,ssh6p4,Sadhguru,https://abhishek1kumar.gumroad.com/l/adiyogiwall,0,,1644862309.0
31,No soil - No food - No life.. we have to act now to save soil.,28,ss46sn,Sadhguru,https://i.redd.it/bgzk93j7wqh81.jpg,0,,1644821155.0
32,Reducing sleep quota plus working out.,3,ssl5be,Sadhguru,https://www.reddit.com/r/Sadhguru/comments/ssl5be/reducing_sleep_quota_plus_working_out/,1,"I'm very interested in reducing my sleep quota, but I'm also a fan of working out in the gym. To repair broken muscles im taught that i need sleep. Is there a way to combine these two? Or does one need to be relaxed throughout the day and have no chance at a killer body to achieve a low sleep quota. Thank you for your time.",1644872217.0
33,From America to South Kailash! | Shivanga,6,ssap7y,Sadhguru,https://youtube.com/watch?v=Zt2wBkZUI0M&feature=share,0,,1644845576.0
34,Question,4,ssb8ji,Sadhguru,https://www.reddit.com/r/Sadhguru/comments/ssb8ji/question/,2,Does anyone know if Sadhguru is coming to his ashram in Tennessee this year?,1644847071.0
35,#savesoil #consiousplanet,19,srzu5v,Sadhguru,https://v.redd.it/gxte8l26pph81,1,,1644806713.0
36,Minimalist drawing of Sadhguru,57,sroz6s,Sadhguru,https://i.redd.it/qsv6yg6y5nh81.jpg,7,,1644775989.0
37,Mental chatter during meditation.,5,ss2tat,Sadhguru,https://www.reddit.com/r/Sadhguru/comments/ss2tat/mental_chatter_during_meditation/,1,"Sometimes when we meditate and something is going on in our minds, it tends to get amplified. The thought process seems to flourish on this fertile ground. How do you deal with this situation as becoming alert becomes challenging when this does happen!",1644816237.0
38,Advice about keeping this lamp lit ü™î,19,srrydi,Sadhguru,https://i.redd.it/o7igzjqssnh81.jpg,12,,1644783672.0
39,Sadhguru Invites You to Mahashivratri 2022!,6,srxmsn,Sadhguru,https://www.youtube.com/watch?v=zzFYosMNLIg,0,,1644799685.0
40,Each One Reach One,43,sr65lk,Sadhguru,https://i.redd.it/niwyj9v32ih81.jpg,0,,1644714189.0
41,Do i still need isha engeneering if i am completely happy with everything that happens in life?,3,sr8uvx,Sadhguru,https://www.reddit.com/r/Sadhguru/comments/sr8uvx/do_i_still_need_isha_engeneering_if_i_am/,3,"Just happy to experience everything - ""bad"" or ""good""they are just soo much better then nothing. Although nothing is also infinitely exciting.",1644722519.0
42,"If you bring the physical body, the mental body, and the energy body into proper alignment and balance, you will not have any physical or psychological ailments.",15,sqtvu2,Sadhguru,https://i.redd.it/snqatsx67fh81.jpg,0,,1644679553.0
43,You decide your way of Being,34,sqovoo,Sadhguru,https://v.redd.it/docmuh22tdh81,3,,1644662726.0
44,Your thoughts after seeing this drawing?,62,sqj6bv,Sadhguru,https://i.redd.it/4ifacrb31ch81.jpg,14,,1644641180.0
45,Nellikai is Indian gooseberry for anyone fasting today it's a super trick to ward off hunger in sour then sweet way. As when it's chewed longer it turns sweeter in taste.,20,sqmz97,Sadhguru,https://i.redd.it/ayyy113g6dh81.jpg,6,,1644655089.0
46,Sadhguru answers a tricky question on How to find your Real guru? | Sadh...,3,sqrort,Sadhguru,https://youtube.com/watch?v=VmkjmqGLKq8&feature=share,0,,1644672861.0
47,Save soil,7,sqjwoo,Sadhguru,https://twitter.com/ErikSolheim/status/1492315267153608706?s=09,0,,1644643644.0
48,Can't Manage My Boss or Wife! | Sadhguru,13,sqefpn,Sadhguru,https://www.youtube.com/watch?v=pidD3L9ev7k,0,,1644626625.0
49,"Who is Shiva: Man, Myth or Divine? When we say ‚ÄúShiva,‚Äù there are two fundamental aspects that we are referring to. The word ‚ÄúShiva‚Äù means literally, ‚Äúthat which is not.‚Äù Today, modern science is proving to us that everything comes from nothing and goes back to nothing. So is he an aspect of life?",25,sq4vxv,Sadhguru,https://i.redd.it/y0sx0e0ap8h81.jpg,5,,1644600886.0
50,Can person from Europe volunteer and live at isha center?,8,sq688f,Sadhguru,https://www.reddit.com/r/Sadhguru/comments/sq688f/can_person_from_europe_volunteer_and_live_at_isha/,5,I am from Europe and would like to join this center one day full time. The only skill I know is programming and have a few years of experience. Is it possible for person from Europe to live there and volunteer full time?,1644604463.0
51,Y'all gotta read this..,34,spo8qs,Sadhguru,https://www.reddit.com/gallery/spo8qs,1,,1644547738.0
52,Mhara Sadhguru aangan Aya (reels/YTshorts/whatsapp status),7,spsnvz,Sadhguru,https://youtu.be/irZM0buB1Ew,0,,1644561433.0
53,How are carbon and minerals important to healthy soil?,13,spqiv4,Sadhguru,https://www.reddit.com/r/Sadhguru/comments/spqiv4/how_are_carbon_and_minerals_important_to_healthy/,0,"



Healthy soil is packed with organic (or¬†carbon-based) matter and minerals that become nutrients for plants and microorganisms (living things that can only be seen with a microscope). The¬†mineral¬†nutrients come primarily from weathering rocks and from living and decomposed organic matter, and secondarily from rainfall and interactions between soil organisms and the atmosphere.¬†

Carbon¬†comes from the dead and living organisms on top of and within the soil. When carbon-based plants and animals die, their bodies decay with the help of soil decomposers, and the carbon moves into the soil. When living plants photosynthesize, they make carbon-based sugars for food. Most of these carbon-based sugars are drawn down into plant roots, while some move out into the soil.

[Life in the Soil](https://youtu.be/XapUm5n1zuM) watch this video for some better perspective..

Imagine soil with no organic content. Which means soil with less fertility. Can you imagine how disastrous it is? Unhealthy soil alone can lead to destruction of the entire ecosystem. And the scientists say, that we have about 40-50 years of agricultural soil left on this PLANET. Isn't it time for us to action?",1644554272.0
54,To restore consciousness it's important to restore the Soil .,3,spvd07,Sadhguru,https://v.redd.it/tso8uekm96h81,0,,1644571502.0
55,Wounded Or Wise - It's Your Choice | Sadhguru #shorts,7,splgz4,Sadhguru,https://www.youtube.com/watch?v=BzblabWBBrM,0,,1644540025.0
56,What does Sadhguru mean when he says.......,13,spesv7,Sadhguru,https://www.reddit.com/r/Sadhguru/comments/spesv7/what_does_sadhguru_mean_when_he_says/,21,"I have watched a video where a 20 year old asks Sadhguru a question where should he head with his life. Sadhguru says he should do what is necessary in the world. And he also hints by saying the only thing that needs to be fixed in this world is us humans. Well, I am a 20 year old with the same question in my mind, that is seeking an answer for this question for the past couple of years. It is getting tiring at this point. I am pursuing Computer Science Engineering. How can I apply this in my life? How can I fix human beings? Is what I am studying a waste of time? I am puzzled as to where should I head with my life. Can someone shed some light on this.

Thank you!

Video mentioned : [https://www.youtube.com/watch?v=4OBLAW7oQYo](https://www.youtube.com/watch?v=4OBLAW7oQYo)",1644521383.0
57,Midnight Kriya,12,spcx45,Sadhguru,https://www.reddit.com/r/Sadhguru/comments/spcx45/midnight_kriya/,8,"Why is it told to not do kriya at midnight - I would like to know this out of curiosity, also today I had absolutely no time for doing the second kriya and got free at 11:30 pm should I still do the kriya or wait for tomorrow?",1644516625.0
58,Are you fasting on Ekadashi? Fasting on certain days is very supportive for one's health. Ekadashi is one of those days. Next ekadashi is on 12th feb.,31,soyll3,Sadhguru,https://i.redd.it/1ps9toiyxxg81.jpg,10,,1644470635.0
59,DON'T KEEP Dead Person's Cloths at Home! | Why You Should Not Wear a Dea...,8,sp81y1,Sadhguru,https://youtube.com/watch?v=bEAabKdg2-g&feature=share,0,,1644503877.0
60,"Meditating against a white noise source, like a flowing river or sea, or meditating in utter silence; caves, which do you prefer and why?",24,soxqtl,Sadhguru,https://i.redd.it/i0shcgaxpxg81.jpg,5,,1644467930.0
61,Make your life a fullfilling experience,18,soterz,Sadhguru,https://v.redd.it/mcrn3ezwowg81,0,,1644455557.0
62,3 days of silence...baby steps?,7,soxp4t,Sadhguru,https://www.reddit.com/r/Sadhguru/comments/soxp4t/3_days_of_silencebaby_steps/,7,"Hi everyone hope this is ok here!

So recently read about sadhguru's 3 days of silence. Haven't looked too much into it but from what I can gather you can't read books, screens and obviously can't communicate for 3 days. 

So I'm a huge extrovert and my husband(and dog lol) are as well...can I do a 3 day exercise where I just don't talk to anyone (out loud) but still via text? He'll be out of town so would be a good time...I just feel like I have to start pretty slow or else I could never dive in. Also I have to take care of the dogs and  other things where I'll need to communicate. Anyway would this be helpful at ALL? or just a waste? Any other ideas? TIA",1644467787.0
63,"Truly amazed to see Karma Book by Sadhguru being sold on the streets among books like Ikigai and Do Epic Shit. Whether you hate him or love him, he's one person who's managed to make spirituality mainstream in the real sense.",41,soivb7,Sadhguru,https://i.redd.it/bs40cx5hdug81.jpg,0,,1644427422.0
64,Using Abusive Words! What‚Äôs the Big Deal? | Sadhguru,5,sosvr0,Sadhguru,https://www.youtube.com/watch?v=LNjumHV8EAA,0,,1644454038.0
65,Sadhguru Yoga and Meditation experience,32,so7zu1,Sadhguru,https://www.reddit.com/r/Sadhguru/comments/so7zu1/sadhguru_yoga_and_meditation_experience/,6,Those who have been friends with me for at least a few years understand that somebody like me posting on a reddit page of a spiritual master or guru would be highly unlikely. The tools from Isha and Sadhguru feel almost scientific in nature. I have experienced so much joy using these tools in my life. Thank you Sadhguru! Excited to learn more about and dive into the new Save Soil movement.,1644392797.0
66,Isha Kriya/meditation questions,2,soppxf,Sadhguru,https://www.reddit.com/r/Sadhguru/comments/soppxf/isha_kriyameditation_questions/,1,"When doing the Isha Kriya/meditation and listening to Sadhguru should one just listen/breathe to sadhguru guided meditation or say it along/breathe. Also, do you say ahhh afterwards as well and for how long?

I am in a very bad place right now and would love for this kriya to help me but scared if will raise the kundalini energies cause i did a different meditation 5-6 years ago and raised the kundalini energies and i was very scared back then even though i understand it right now i just don't need that to happen now.
I really need this meditation to give me the mental strength to get through what i am going through.
Please help with your guides. Thank you",1644445383.0
67,I am unable to sleep at night.,9,so9bo5,Sadhguru,https://www.reddit.com/r/Sadhguru/comments/so9bo5/i_am_unable_to_sleep_at_night/,3,"Namaskaram,

Recently I am unable to sleep at night. I don't know why but when it's night I am bright as a bulb. Due to this I am unable to do my practices in the morning. This affects my whole schedule. I am really worried as I am not able to do my practices. Moreover, I get the guilt of not doing the practices. Any tips which will help me stay consistent with my practices????????",1644398117.0
68,Is Shoonya taught by Sadhguru himself?,2,soe0lf,Sadhguru,https://www.reddit.com/r/Sadhguru/comments/soe0lf/is_shoonya_taught_by_sadhguru_himself/,3,"Namaskaram, everytime that Shoonya is taught and initiated at IYC, is Sadhguru present for it or is he usually never, also was he present for any in 2021/22

Really wanted to know
Thankyou",1644414477.0
69,What is Sadhguru's Mission | Sadhguru #shorts,9,snzofn,Sadhguru,https://www.youtube.com/watch?v=A6zfTMgPFgE,0,,1644366835.0
70,What's the Biggest Threat to Our Lives? | Sadhguru,11,snzofb,Sadhguru,https://www.youtube.com/watch?v=SCHqnkR7600,0,,1644366835.0
71,"""Just 21 minutes of your life every day"".",72,snjfry,Sadhguru,https://i.redd.it/2czyxyeqvlg81.jpg,12,,1644324599.0
72,"You can't do what you want, but you can be the way you want.",18,snniz3,Sadhguru,https://i.redd.it/dzpcova4tmg81.jpg,0,,1644335826.0
73,Swag,57,sndy4f,Sadhguru,https://i.redd.it/jtkwe2w86kg81.jpg,2,,1644303921.0
74,How Much Water To Drink Every Day? | 50% Heart Attacks Will Come Down | ...,10,snnzu6,Sadhguru,https://youtube.com/watch?v=VlaIjiokmFk&feature=share,0,,1644337033.0
75,"Obsession with nature after starting Sadhna? Walking barefoot in grass, spending time gardening are activities that feel necessary now? Why does spirituality have this 'eco-friendly' effect on people?",30,snc2fc,Sadhguru,https://i.redd.it/5n2af11rnjg81.jpg,4,,1644297701.0
76,Annadanam..,17,snbqy0,Sadhguru,https://www.reddit.com/r/Sadhguru/comments/snbqy0/annadanam/,1,"‚ÄúIn our tradition, serving spiritual seekers and monks has always been of utmost importance. This can be a path in itself. The most beautiful expression of this is the Annadanam - the sacred offering of food.‚Äù - Sadhguru

Well, Annadanam in Indian culture has been very prominent. Especially during any festivals, or auspicious occasions like birthdays, weddings, etc. Since my birth, every single year, my mother jas ensured that I offer food, either myself or through any institutions like temples to the needy. There was this one time when I bought raw materials and offered it to an orphanage. This time, after reading what Sadhguru talks about in his quote above, I think people on the spiritual paths are people who seek truth. Offering food to them is quite equivalent to offering anything in temples. I heard that there's an opportunity to offer Annadanam for Mahashivratri. Waiting for this opportunity.",1644296702.0
77,What do we know about the state of the world‚Äôs soils?,28,sn7qkp,Sadhguru,https://www.reddit.com/r/Sadhguru/comments/sn7qkp/what_do_we_know_about_the_state_of_the_worlds/,10,"So I [read an article](https://ourworldindata.org/soil-lifespans) about the condition of soil and if we are really left only with the 60 years of harvest?? 

Although there's not a clear mention about the 60 years of harvest but the problem of soil erosion is genuine and if it keeps on going then we can lose our soil within 100 years. 

So that's why the conscious planet movement is unfolding itself as people are getting aware.. 

If anyone has any other data kindly let me know. 
I'd love to know more about it because it seems to be a serious issue very few people are caring about.",1644285313.0
78,Ardhanarishwar a phenomena & reality of any human being to live fully. Being Half man half woman can bring on the unbridled power. I'm fascinated with this symbolism and the way it's explained below. Mahashivaratri is great possibility for a phenomenal possibility within each one of us. So thrilled!,2,snghc3,Sadhguru,https://www.reddit.com/r/Sadhguru/comments/snghc3/ardhanarishwar_a_phenomena_reality_of_any_human/,1,"The symbolism of ardhnarishwara 
This is the symbolism to show that if you evolve in your ultimate context, you will be half a man and half a woman ‚Äî not a neuter ‚Äî a full fledged man and a full fledged women. That is when you are full blown human being. You are not shared development, you are not just masculine or feminine, you have allowed both these things to grow. Masculine and feminine does not mean male and female. The ""feminine"" and ""masculine"" are certain qualities. Only when these two happen in balance within can a human being live a life of fulfillment. ‚Äî Sadhguru",1644313742.0
79,Save Soil now,40,smtvij,Sadhguru,https://v.redd.it/ulgn0542pfg81,1,,1644250391.0
80,Has Shambhavi turned in you into a bland/flavorless person?,11,sn0ruf,Sadhguru,https://www.reddit.com/r/Sadhguru/comments/sn0ruf/has_shambhavi_turned_in_you_into_a/,4,"Started doing Shambhavi in October 2021. Completed the initial 40 day mandala, and doing it regularly. I‚Äôve noticed I have lost interest in a lot of materialistic things and even zero interest/passion for my work/profession. Shit doesn‚Äôt really bother me anymore. Anyone else notice similar things towards work, etc.?",1644267609.0
81,"Once I lived in Isha Yoga Center. That place is very beautiful & serene. What was really amazing that this place has a large variety of flora and insects, reptiles, dogs, cats, etc. Living freely and in harmony with each other. No fear, no power dominance, everyone in love with each life present..",44,smkmma,Sadhguru,https://i.redd.it/qx3uptsq8dg81.png,6,,1644220014.0
82,The Importance of Meditation,18,smnl3z,Sadhguru,https://www.reddit.com/r/Sadhguru/comments/smnl3z/the_importance_of_meditation/,0,"Sadhguru: Meditation or dhyana means to go beyond the limitations of the physical body and the mind. Only when you transcend the limited perspective of the body and mind do you have a complete dimension of life within you.

[The Importance of Meditation ](https://isha.sadhguru.org/in/en/wisdom/article/meditation-importance?client=sadhguru-app)",1644231710.0
83,How I feel after learning some yogic practices,26,smku7w,Sadhguru,https://www.reddit.com/gallery/smku7w,2,,1644220801.0
84,Are the outcomes in my life a result of my karma?,1,sn57ig,Sadhguru,https://www.reddit.com/r/Sadhguru/comments/sn57ig/are_the_outcomes_in_my_life_a_result_of_my_karma/,1,"If I have lost certain people in my life, or if certain things have not worked out, is that my karma? If say, I have always been surrounded by narcissistic people, is that my own making? If yes, is the blame for all bad things happening in my life on me?",1644278443.0
85,"A friend shared how he wants to support the save soil movement, but he doesn't feel any personal connection with soil or understand it's importance. Growing up in an urban city, he never got much exposure to soil. I think this is the experience of many people. What's your connection with soil?",15,smkbsa,Sadhguru,https://www.reddit.com/r/Sadhguru/comments/smkbsa/a_friend_shared_how_he_wants_to_support_the_save/,2,,1644218898.0
86,What best can we do for our next generation? https://isha.sadhguru.org/in/en/wisdom/article/save-the-soil-revitalization-methods?client=sadhguru-app,9,smlorm,Sadhguru,https://i.redd.it/71l4al67ldg81.jpg,0,,1644224202.0
87,And Now Yoga,30,slueu4,Sadhguru,https://v.redd.it/1t8fk0ee57g81,0,,1644146267.0
88,The reason you need to SIT on EARTH.,13,slwfd1,Sadhguru,https://www.reddit.com/r/Sadhguru/comments/slwfd1/the_reason_you_need_to_sit_on_earth/,0," 

In   Indian culture, people want their whole body to touch the ground   because they want to be in touch with earths. It is believed that if you   sit on Earth, Mother Nature will climb up on your body making you  kind,  benevolent and increase your tolerance level. Watch the full  video on  the following link.

[https://www.youtube.com/watch?v=pmEyCfdK32Q](https://www.youtube.com/watch?v=pmEyCfdK32Q)",1644153359.0
89,Have you fallen in love?,33,sle021,Sadhguru,https://i.redd.it/gnu6hslra2g81.jpg,1,,1644087517.0
90,A Plant-Based Diet and its Benefits,15,sldf0r,Sadhguru,https://www.reddit.com/r/Sadhguru/comments/sldf0r/a_plantbased_diet_and_its_benefits/,0,"In terms of the quality of food that is entering you, definitely vegetarian food is far better for the system than non-vegetarian food. Just experiment and see, when you eat vegetarian food in its live form, what a difference it will make. The idea is to eat as much live food as possible ‚Äì whatever can be consumed in its raw, uncooked form. A live cell has everything to sustain life. If you consume a live cell, you will see the sense of health in your system will be very different from anything that you have known. When we cook food, we destroy the life in it. Eating food after this process of destruction does not give the same amount of life energy to the system. But when you eat live food, it brings a different level of aliveness in you. If one brings in at least thirty to forty percent live food into their diet ‚Äì sprouts, fruit, and whatever vegetables that can be consumed in a live condition ‚Äì you will see, it will sustain the life within you very well.

Above all, the food that you eat is life. Other forms of life are giving up their life to sustain ours. If we can eat with enormous gratitude for all of them, then food will behave in a very different way within us.[ A Plant-Based Diet and its Benefits](https://isha.sadhguru.org/in/en/wisdom/article/plant-based-diet-benefits?client=sadhguru-app)",1644085791.0
91,The most important thing is that You're Alive right now!,38,sl6v14,Sadhguru,https://v.redd.it/oy4scw8um0g81,3,,1644067445.0
92,Inclusive Mother Earth!,19,slapqn,Sadhguru,https://v.redd.it/nzgvo8ski1g81,0,,1644078101.0
93,Sadhguru reveals his relationship with his family !,8,sl9io3,Sadhguru,https://youtu.be/sIgnIUbvxYQ,0,,1644074933.0
94,Sadhana..,49,skjhcg,Sadhguru,https://i.redd.it/z9nul3qvsuf81.jpg,0,,1643996753.0
95,Are you going through emotional stress or trauma of any kind? Try this practice to help‚Ä¶,41,skb5qm,Sadhguru,https://i.redd.it/4f83ho5aysf81.jpg,6,,1643974356.0
96,Why spirituality?,19,skfb2v,Sadhguru,https://www.reddit.com/r/Sadhguru/comments/skfb2v/why_spirituality/,35,So this question came to me today and I'd like to know what y'all think about it..,1643986829.0
97,Is spirituality new-age addiction?,9,ski0zz,Sadhguru,https://www.reddit.com/r/Sadhguru/comments/ski0zz/is_spirituality_newage_addiction/,6,I heard Sadhguru talking about being conscious and practice spirituality. This helps overcome the compulsive behaviour and addictions. I have seen people especially young people going crazy about spirituality... I wonder if this is new addiction?,1643993265.0
98,Think twice before wearing Black clothes - Sadhguru,12,skdl0o,Sadhguru,https://www.reddit.com/r/Sadhguru/comments/skdl0o/think_twice_before_wearing_black_clothes_sadhguru/,5,"Fashionistas love black, but black comes with its pitfalls. Sadhguru has spoken on the significance & dangers of wearing black, and when we should or shouldn't wear it. 

Right from when I was young, black colour clothes fascinated me. But we were not allowed to buy them by our grandparents. When I started working, I bought many dresses.. black in combo with all sorts of colours. In a week I would wear black at least thrice, and on Saturday it was compulsory for me! Not to mention the number of black T's..

However after I started my Yoga and later on listened to what Sadhguru says about the effect of the black colour and how it affects our psychological and emotional composition, i was shattered. 

With a very heavy heart I started packing my black dresses and put them in a box in my shaft. They are still there! 

How many times I longingly look at them!

Now White is the new black for me!

What has been your experience in black dress?",1643982136.0
99,Sadhguru on YOUTH . What actually youth is ..,9,skfp5r,Sadhguru,https://v.redd.it/v0zoxxg02uf81,1,,1643987823.0
100,Began IE today,1,skjltv,Sadhguru,https://www.reddit.com/r/Sadhguru/comments/skjltv/began_ie_today/,1,"Did everything, cold shower, turned off phone, listened. I couldn't belive that changing the direction of my palms changed my breath. There's a lot of things he said I can't really remember tho. Is that normal?",1643997060.0
101,I took a great photo of the moon and created this little... thing on my phone.,32,sjt10z,Sadhguru,https://i.redd.it/faoans35eof81.jpg,3,,1643919155.0
102,Relationships are not absolute...,37,sjnzp9,Sadhguru,https://v.redd.it/077rwwjxdnf81,2,,1643907078.0
103,"If you want to step into the next moment as a completely new being, Shiva is the way.",42,sjm3zt,Sadhguru,https://i.redd.it/cr5jlqjc0nf81.jpg,0,,1643902410.0
104,Aum chanting - Discussion.,20,sjnlyu,Sadhguru,https://www.reddit.com/r/Sadhguru/comments/sjnlyu/aum_chanting_discussion/,4,"Aum chanting might seem simple, but in reality if you do it often and keenly observe it, it's an extremely complicated thing to do. Do you feel the same way? Do you feel a sense of victory when you utter the perfect 'AUM'? Do you face any impediments and if yes, then how do you deal with them (for example, Sinusitis, stuffy nose.)? Do you focus on what comes out of your mouth or internal vibrations when you utter the sound AUM?",1643906129.0
105,Whether it is good habit or bad habit.. you have to break it all if you are seeking something beyond physical.,32,sjed20,Sadhguru,https://i.redd.it/fkk2pp4a0lf81.jpg,1,,1643878174.0
106,"For those you have experienced 'I'm not the body, I'm not the mind'",13,sjbtb8,Sadhguru,https://www.reddit.com/r/Sadhguru/comments/sjbtb8/for_those_you_have_experienced_im_not_the_body_im/,13,"What was your initial reaction?

Personally, I'm feeling a bit petrified and feel like crying. Knowing that I don't have control makes me feel powerless.",1643868710.0
107,Stop talking about things that you do not know.,32,sj58p0,Sadhguru,https://v.redd.it/x4oo62kemif81,0,,1643849370.0
108,Is inner engineering worth it?,24,siplwl,Sadhguru,https://www.reddit.com/r/Sadhguru/comments/siplwl/is_inner_engineering_worth_it/,15,"Hi, I'm really interested after going through the book a second time. Is it something I should do rn? Or does the book cover the same stuff?",1643810933.0
109,This seems like a most profound layered poetry on realisation of being in the present moment. A certain history flashes rapidly after third line. Humankind has been deeply unsecured to own land and currency. This piercing poetry and simple words shivers me to core. How does it affect you?,34,simnef,Sadhguru,https://i.redd.it/emuvshfcqef81.jpg,5,,1643802191.0
110,Okay! So now when I see Klaus Schwab spporting this I can sense that it is going to be a big movement probably.,21,sin39m,Sadhguru,https://v.redd.it/ez976yqeuef81,9,,1643803622.0
111,Make your karma a key for your wellbeing .,4,siqv35,Sadhguru,https://v.redd.it/bcigxenaqff81,0,,1643814351.0
112,"What has your experience been of being in Sadhguru's presence, either in an online program or offline? I've seen many people shed tears or scream or become totally silent and still. Btw, that's Willow Smith in the photo on the left",39,shxhfi,Sadhguru,https://i.redd.it/46y4kprqm8f81.jpg,6,,1643728941.0
113,A quick alternate from Sadhguru if you don‚Äôt have time to make a breakfast!,30,shxs5p,Sadhguru,https://v.redd.it/l7kvvbrkq8f81,0,,1643729748.0
114,Vak Shuddhi.,39,shvat7,Sadhguru,https://v.redd.it/ti896ss878f81,0,,1643723142.0
115,So true,37,shsn1w,Sadhguru,https://i.redd.it/ubjjdoc3h7f81.jpg,0,,1643714330.0
116,Stay during MSR?,14,shxc9y,Sadhguru,https://www.reddit.com/r/Sadhguru/comments/shxc9y/stay_during_msr/,2,"Hi I've booked my seats for Mahashivaratri and am travelling from Bangalore. However, I am not sure if I can stay in the Ashram by booking cottages during this time. I won't be able to volunteer, as I'm working that whole week. Can anybody suggest?",1643728565.0
117,Soak this overnight and Eat This Yogic Food for High Power Protien Food!...,8,shusye,Sadhguru,https://youtube.com/watch?v=H7j5tnAsVC0&feature=share,0,,1643721686.0
118,"Doing the Bhairavi Sadhana each year has been such a powerful and enriching experience, each time even revealing sides of me that I‚Äôd forgotten or did not know existed. Today, the poet in me would like to speak... in Her grace‚Ä¶",35,shlzke,Sadhguru,https://i.redd.it/2f89u0ihf5f81.jpg,3,,1643689576.0
119,How long the karmic journey will continue for a person..,38,sh450p,Sadhguru,https://i.redd.it/dh7f1yz2n1f81.jpg,4,,1643643705.0
120,Pristine Beauty of Nature Just because of soil itself (MAGIC OF SOIL) - A poem by Sadhguru,32,sgxrld,Sadhguru,https://i.redd.it/iqohurg9yze81.jpg,0,,1643623250.0
121,What's not soil,22,sgl90v,Sadhguru,https://www.reddit.com/r/Sadhguru/comments/sgl90v/whats_not_soil/,5,"recently got to know about an interesting movement which has begun. It is intended towards saving the soil, as they informed, as it might loose it's vitality in next 60 years... That's quite a piece of info.... And more amazing to know is - what is not soil... From food, fruits, fabric to even metals and silicon plastics are directly/indirectly derived from soil... Seriously this is so true... Thought a lot about what is not soil and could not think of even one damn thing!! Need to know atleast one item (Please don't tell water, air or fire)",1643582907.0
122,Do birthmarks mean anything about your past life karma?,5,sgsul2,Sadhguru,https://www.reddit.com/r/Sadhguru/comments/sgsul2/do_birthmarks_mean_anything_about_your_past_life/,6,title says it all,1643605161.0
123,Decision making should be worthwhile when looking back after many years.,34,sg9ita,Sadhguru,https://i.redd.it/hzruuwfqxte81.jpg,2,,1643550433.0
124,Who wants to Fly?,23,sgbwgz,Sadhguru,https://v.redd.it/uk1vchnziue81,4,,1643557603.0
125,Sadhanapada 2022 - Question,8,sgaqyo,Sadhguru,https://www.reddit.com/r/Sadhguru/comments/sgaqyo/sadhanapada_2022_question/,1,"Namaskaram, does anyone happen to know how long it takes for the review team to get back after the health assessment? It's now been approximately **1 month** since I've **submitted my health assessment**. I'm applying as an **international candidate**. Please let me know! Thanks!",1643554253.0
126,"Never thought I would ""meditate"" but here we are...",32,sfbo0h,Sadhguru,https://i.redd.it/phwbzhggjke81.png,0,,1643436678.0
127,Solution for your problems,43,sf9gxe,Sadhguru,https://v.redd.it/037wo92ywje81,2,,1643429123.0
128,Working hard?,33,sfagq8,Sadhguru,https://v.redd.it/s0b3o2wo6ke81,4,,1643432473.0
129,Burn This Rare Natural Resin at Home to Remove Negative Energy | Sadhgur...,6,sfhg7m,Sadhguru,https://youtube.com/watch?v=9eLZCWTKAE0&feature=share,0,,1643460447.0
130,How Much Does Luck Matter in Life?,20,sf617o,Sadhguru,https://www.reddit.com/r/Sadhguru/comments/sf617o/how_much_does_luck_matter_in_life/,2,"Sadhguru: Those who depend on luck are always looking for stars, planets, places, lucky shoes, lucky soaps, lucky numbers ‚Äì all kinds of stuff. In this process of looking for luck and waiting for things to happen, things that they could have easily created for themselves are completely lost. With every aspect of life, it is you who has to make it happen. Your peace and your turmoil is your business. Your sanity and insanity is your business. Your joy and misery is your business. The devil and the god within you is your business.
Instead of allowing your energies to express themselves to their fullest capability, instead of creating the necessary inner and external atmosphere around us where the right kind of situation can happen, we are unfortunately always looking for something else which could make that happen for us.

How you experienced today, from morning to evening, is definitely yours. How much friction you had with people around you simply depends on how insensible you have been in understanding the situations and people around you ‚Äì their limitations and possibilities within themselves. It is definitely not decided by what lucky charms you may be wearing. It simply depends on how sensibly, intelligently, and with how much awareness you walk and look at life around you.

One day, two men met in the airport. One man was looking truly dejected. So the other man asked, ‚ÄúWhy are you like this? What happened to you?‚Äù

The first man said, ‚ÄúWhat should I tell you? My first wife died of cancer. My second wife eloped with my neighbor. My son is in prison because he attempted to murder me. My fourteen-year-old daughter is pregnant. Lightning struck my house. All my shares went bust in the share market today, and my medical report says I have AIDS.‚Äù

The other man said, ‚ÄúWow! What a lot of bad luck for you! Anyway, what do you do? What‚Äôs your profession?‚Äù

The man replied, ‚ÄúI sell lucky charms.‚Äù

It is just that if you are in a certain way, certain things will gravitate towards you. If you are in a certain other way, certain other things will gravitate towards you. If there is a flowering bush and a dry, thorny bush out there, all the bees gravitate towards the flowering bush. The flowering bush isn‚Äôt lucky, it just has a fragrance ‚Äì which you may not be able to see ‚Äì that is drawing everything towards it. People walk away from the thorny bush because it is creating another kind of situation. Maybe both of them are unconscious of what they are creating but things are happening the way they need to happen.

So, if things are happening great for you and you don‚Äôt know why, I would say you are eating stale food. You cooked your meal somewhere else ‚Äì maybe long ago ‚Äì and you are still eating good food. But it is stale and getting staler by the day. However, if things are happening well for you and you know why it is happening, that means you cooked your food today, consciously. If things are going really bad for you and you don‚Äôt know why, once again you are eating stale food which has turned rotten.",1643418490.0
131,"""Critical thinking saves a day!"" By Franco Cianflone A serious point to ponder for sure... Have you ever experienced anything similar?",44,sersbj,Sadhguru,https://i.redd.it/buq2o1g1tfe81.jpg,8,,1643379355.0
132,How does Sadhguru feel all the time? Do you want to know??,34,sepd9l,Sadhguru,https://v.redd.it/xerk70p96fe81,4,,1643371763.0
133,The glowing copper snake ring,17,ser7gh,Sadhguru,https://www.reddit.com/r/Sadhguru/comments/ser7gh/the_glowing_copper_snake_ring/,16,"I‚Äôve been wearing the sarpa sutra (copper snake ring) from Isha for the past year or so, and at times have noticed the ring to get quite bright and glossy, while at other times it remains a bit dull. Curious if there might be an explanation for this (and no I don‚Äôt explicitly clean or wash the ring as such). It also doesn‚Äôt seem to exhibit the same characteristics with other copper wear like the Bhairavi pendant or the Bhairavi Raksha. 
Has anyone else noticed this too? What are your thoughts?",1643377702.0
134,There is no such thing as work-life balance - it is all life. The balance has to be within you. - Sadhguru,20,seof9y,Sadhguru,https://www.reddit.com/r/Sadhguru/comments/seof9y/there_is_no_such_thing_as_worklife_balance_it_is/,3,"I always struggled to make this balance thinking the professional and personal life are seperate. 
Now I know it's all interconnected and one would drive the other. For me it is just a matter of discipline and inculcating some grounding activities at start of the day and during the day to balance my mind, body and emotions.
Once I have started my day with yoga practices it just creates a certain level of stability within me. The clarity of thought and emotion is so well taken care of. Even if I lose my track during the day sometime with more work and multiple things to handle I come back to my clarity with a simple chanting called Brahma Nand Swaroopa. 
Doing same yoga practice and applying my tools at specific time everyday it has helped to strengthen. It has made me more capable of different things I usually do not attempt out of a unknown fear. Basically the balance is there in me with tools of yoga everyday to be who I want to be. Does anyone else practice yoga everyday around same time and feel the same about their work and personal life.?",1643368258.0
135,Share your inner engineering experience,17,sepshl,Sadhguru,https://www.reddit.com/r/Sadhguru/comments/sepshl/share_your_inner_engineering_experience/,11,"I haven't done inner engineering but will do it in the future. I just want to know how it went for you guys.

I would like to know how it changed you mentally, emotionally, physically.

Did it affect your sleep quota? Do feel more energetic throughout the day? Do you still feel stressed/exhausted? Do you worry, feel depressed/sad sometimes?

Share your before and after effects

Your stories would be helpful. I want to relate",1643373224.0
136,What will I have to do after signing up in conscious planet?,19,sej9aa,Sadhguru,https://www.reddit.com/r/Sadhguru/comments/sej9aa/what_will_i_have_to_do_after_signing_up_in/,13,"I have registered myself as ""Earth Buddy"" on the conscious planet site. I was intrigued by this name and the movement itself so I spent time on that site.
However, I'm now confused as to what shall I do next? I don't think my job is done just by signing up there so do i have to do things on my own or someone's going to contact me about the further process?",1643347946.0
137,Sorry to disappoint you sadhguru .,11,sejhv6,Sadhguru,https://www.reddit.com/r/Sadhguru/comments/sejhv6/sorry_to_disappoint_you_sadhguru/,9,"Tried to be consistent . But eventually gave in to everything that happens around me .

Maybe in next life I won't be born with a weak heart .

( Plus this might be on of the most heartful subs on reddit . Thanks too all for answering all my questions ) ",1643348777.0
138,Dedicate 2022 to Creating a Conscious Planet | Sadhguru,12,sec6at,Sadhguru,https://www.youtube.com/watch?v=LOg6oDNzTDg,0,,1643326680.0
139,Have you learnt isha hatha yoga? For me it's been 6 months now practicing classical hatha yoga and it worked incredibly to me. Before getting involved with Hatha Yoga I was a rigid body. But now I have experienced a surge of well-being and peace.,43,sdwml0,Sadhguru,https://i.redd.it/xjj7ger4y7e81.jpg,5,,1643284212.0
140,Does having sex with my wife (recreational) lower my energies?,9,se74nr,Sadhguru,https://www.reddit.com/r/Sadhguru/comments/se74nr/does_having_sex_with_my_wife_recreational_lower/,5,"I want to make sure I‚Äôm doing everything in my power to obtain higher dimensions of being. I‚Äôm wondering weather having sex with my wife is slowing my energy growth, 
Thank you üôèüèº",1643313496.0
141,Ignorance surrounding death.,11,se0rt3,Sadhguru,https://www.reddit.com/r/Sadhguru/comments/se0rt3/ignorance_surrounding_death/,2,"I've heard Sadhguru and many other people who live their lives with kindness, intensity and love say the same message over and over again. It revolves around the fact that we will die, this is an absolute certainty. Why do we live knowing this but never believing it?",1643296796.0
142,How is consciousness linked with happiness and wellbeing?,44,sdqpuf,Sadhguru,https://v.redd.it/vb1o4ree06e81,2,,1643260811.0
143,What's Sadhguru talking about when he says 'Save Soil'?,24,sdq92x,Sadhguru,https://www.reddit.com/r/Sadhguru/comments/sdq92x/whats_sadhguru_talking_about_when_he_says_save/,6,"Soil is the earth‚Äôs fragile skin that anchors all life on Earth. It is comprised of countless species that create a dynamic and complex ecosystem and is among the most precious resources to humans. Increased demand for agriculture commodities generates incentives to convert forests and grasslands to farm fields and pastures. The transition to agriculture from natural vegetation often cannot hold onto the soil and many of these plants, such as coffee, cotton, palm oil, soybean and wheat, can actually increase soil erosion beyond the soil‚Äôs ability to maintain itself.

Half of the topsoil on the planet has been lost in the last 150 years. In addition to erosion, soil quality is affected by other aspects of agriculture. These impacts include compaction, loss of soil structure, nutrient degradation, and soil salinity. These are very real and at times severe issues.

The effects of soil erosion go beyond the loss of fertile land. It has led to increased pollution and sedimentation in streams and rivers, clogging these waterways and causing declines in fish and other species. And degraded lands are also often less able to hold onto water, which can worsen flooding. Sustainable land use can help to reduce the impacts of agriculture and livestock, preventing soil degradation and erosion and the loss of valuable land to desertification.

Can this be done on an individual level? No. We need a global policy level changes where we as citizens demand the governments that we elect to take necessary actions to revitalize soil. Shall we join hands and make this happen?",1643259294.0
144,‚ö†WARNING‚ö†: Never Wear This Colour When Someone is Dead! | Sadhguru on Bl...,4,sdxrcb,Sadhguru,https://youtube.com/watch?v=_oCR43Uxt7c&feature=share,0,,1643288171.0
145,Sattvic foods,8,sdrw5g,Sadhguru,https://www.reddit.com/r/Sadhguru/comments/sdrw5g/sattvic_foods/,3,"Does sahdhuru talk about Sattvic foods? Books, videos, podcasts etc. And does he follow a Sattvic diet because I saw an article of his about making turmeric and lime juice tea and I thought lemon or lime is not Sattvic?

Please clear this confusion for me 

Much appreciated",1643264974.0
146,Surya Kriya in Argentina,6,sdo69o,Sadhguru,https://www.reddit.com/r/Sadhguru/comments/sdo69o/surya_kriya_in_argentina/,9, How can I learn Surya Kriya Yoga from Argentina? Is there any reliable youtube series?,1643252805.0
147,Milk and eggs,3,sdoe8j,Sadhguru,https://www.reddit.com/r/Sadhguru/comments/sdoe8j/milk_and_eggs/,4,"Namaskaram guys, I was just wondering if milk and eggs are ok to consume and what does sadhguru say about it 

Much appreciated",1643253451.0
148,"Even the World Economic Forum is joining hands with Sadhguru for the Conscious Planet movement. I'm excited to see how things unfold. What do you think, will this movement become huge?",41,sd1qr6,Sadhguru,https://i.redd.it/6poxg5xbzzd81.jpg,5,,1643187972.0
149,Let's talk about Death?,22,sd4l12,Sadhguru,https://www.reddit.com/r/Sadhguru/comments/sd4l12/lets_talk_about_death/,8,"Anyone read the Death book here by Sadhguru? I remember feeling on top of the universe after reading it...but it was terrible that when my grandmother passed away, I couldn't implement most of the things as suggested by Sadhguru in the book. No regrets though because I feel he took care of her in his own Mystical ways. I could do the Kala Bhairav Karma Process, I lit a lamp and incense near her, also played the Shambho chant in a mild voice. Trust me that it didn't feel like someone has passed away in the family. The atmosphere became so peaceful and pleasant. To my surprise, the family bonded like it never did when she was alive and actually wanted it lol.",1643199155.0
150,Dhyanalinga as a mystical discipline,5,sd9ix6,Sadhguru,https://www.reddit.com/r/Sadhguru/comments/sd9ix6/dhyanalinga_as_a_mystical_discipline/,1,"I'd like to know to what extent Dhyana linga has its aspiration as a universal discipline.   
Is it compatible to any other such existent discipline outside of its emanation from the forms of yoga and theophanies of Adiyogi?",1643213513.0
151,Sadhguru has helped me find the philosopher's stone. Elon Musk is an example of a person who harnesses his intelligence effectively.,6,sd9q0w,Sadhguru,https://www.reddit.com/r/Sadhguru/comments/sd9q0w/sadhguru_has_helped_me_find_the_philosophers/,13,"Sadhguru talks about intelligence as a knife, I believe 
both he and Elon use a concept called a ""higher order being"" to create their success. 

https://youtu.be/z7uHQ7ttPHQ",1643214036.0
152,Shiva namaskar question,9,scyg0u,Sadhguru,https://www.reddit.com/r/Sadhguru/comments/scyg0u/shiva_namaskar_question/,7,"During shiva namaskar I learned to do my yoga practice and afterwards eat a handful of groundnuts. 

Is the groundnut eat considered a meal of the two they said?
Can I also eat 2 dates?

They said I should not eat before 12.00, so that means there is no 8hrs gap between meals since I need not to eat 3hr before sleep (I sleep at 21.30)

Because they said to eat only twice a day, I eat at 12 and at 18.30, is it good?

Namaskaram",1643175193.0
153,"Listen to everyone, But our experience is not determined by others.",19,scgkmc,Sadhguru,https://v.redd.it/iyqavzsltud81,0,,1643125348.0
154,Rise n Sparkle,29,scacck,Sadhguru,https://v.redd.it/uqfdarvs5td81,0,,1643105258.0
155,"""Anyone who comes into the sphere of Dhyanalinga cannot escape the sowing of the spiritual seed of liberation.""-Sadhguru",38,sc7ujc,Sadhguru,https://i.redd.it/ns5qqr4wasd81.jpg,0,,1643094796.0
156,This is how my struggling life smoothened itself after doing Inner Engineering,61,sbm1sn,Sadhguru,https://v.redd.it/l97jpe67zmd81,7,,1643030383.0
157,Can someone tell me what I can do personally to save the soil? Shall i plant trees Or what? What is the solution?,27,sbp5qr,Sadhguru,https://www.reddit.com/gallery/sbp5qr,2,,1643039373.0
158,"Devotion, the Sweetest Way to Be.",29,sbmj5t,Sadhguru,https://i.redd.it/q4j4hfqq3nd81.jpg,1,,1643031855.0
159,The turtle with hat made me laugh really,13,sbp6ou,Sadhguru,https://v.redd.it/fzg9ccg0qnd81,2,,1643039442.0
160,I have tried this,24,sbkbff,Sadhguru,https://v.redd.it/98l6kd2qhmd81,2,,1643024486.0
161,Is love in the air?,22,sbhs8r,Sadhguru,https://www.reddit.com/r/Sadhguru/comments/sbhs8r/is_love_in_the_air/,4,"Your experience of love is that you feel a certain sweetness of emotion within yourself. We do not know who stimulates this in you, but essentially it happens within you. Maybe what was happening within you was so exuberant that you saw it everywhere. When you were in love, you thought the flowers bloomed for you, the birds are singing for you, the clouds are moving for you. I do not want to destroy all the romance, but essentially it is happening within you.

It is wonderful that you are experiencing such sweetness of emotion stimulated by someone. You are using the other person as a key to open up an experience within you. But why are you using a key when there is no lock, no door, no barrier of any kind? It is just that you are a push-start machine. If you owned an Ambassador car twenty-five years ago, you would have always parked it on a gradient, because two people had to push it in the morning to get it to start. Nowadays all the cars are self-start. Many of them are remote start. Would you like to upgrade your technology so that you are on self-start? If you wake up in the morning, you should be overflowing with joy, love and exuberance, by yourself. You should not need anyone to stimulate you.",1643014622.0
162,Below is a poem inspired on seeing the picturesque beauty of this picture at the foot hills of Velliangiri Hills,38,sav4q6,Sadhguru,https://i.redd.it/9o80slmg9gd81.jpg,2,,1642949030.0
163,No one has enough (But we have only one Earth),25,saxf9h,Sadhguru,https://v.redd.it/5vkrjtu8sgd81,0,,1642955425.0
164,How to Quit Smoking?,24,savzxh,Sadhguru,https://v.redd.it/pp5dyd3qggd81,1,,1642951519.0
165,In Grace Of Yoga! Are you IN?,31,saomhd,Sadhguru,https://v.redd.it/g98u0htt9ed81,0,,1642924963.0
166,Every other person is same like us. What something bad or unpleasant for us is same for them too. Why people make other people suffer..,22,saoz4b,Sadhguru,https://v.redd.it/4bqyxkasded81,0,,1642926362.0
167,Which meditation of FMF you do regularly which Sadhguru taught us? Like I am doing fire meditation every night in which you imagine everything is burning from within.,15,sanngz,Sadhguru,https://www.reddit.com/r/Sadhguru/comments/sanngz/which_meditation_of_fmf_you_do_regularly_which/,2,,1642921198.0
168,The most holiest mountain - mount kailash. The abode of shiva.,54,s9zyp8,Sadhguru,https://i.redd.it/utvx70koy7d81.jpg,1,,1642848550.0
169,Ahem.,35,sa2ah8,Sadhguru,https://i.redd.it/brr4l39so8d81.jpg,1,,1642857329.0
170,"What is Vibuthi made of..? Normally, yogis use the ash they pick up from the cremation grounds as vibhuti. The next alternative is to use cow dung. There are other substances used but the basic material is cow dung. The next alternative is to make it of rice husk.",20,sa14uv,Sadhguru,https://i.redd.it/zqso1mqec8d81.png,1,,1642853170.0
171,Anyone else experienced inability to eat when doing long sadhana schedule?,9,sa5d1d,Sadhguru,https://www.reddit.com/r/Sadhguru/comments/sa5d1d/anyone_else_experienced_inability_to_eat_when/,15,"Currently on 5 practices and I can‚Äôt eat besides 10am and 7pm even though I desire to eat throughout the entire day, but my stomach/ other organs are blocking me to eat, can‚Äôt swallow the food",1642866749.0
172,How to Recognize An Enlightened Person?,25,s9vgkk,Sadhguru,https://v.redd.it/49jm9983h6d81,0,,1642830562.0
173,Pop Up and Pop Out!,31,s9e7eo,Sadhguru,https://v.redd.it/5fxfi3yze2d81,4,,1642781427.0
174,Ok so i have just finished watching this series on youtube and I'm so touched by this. Travelling for me will never be same again. The level of attention he pays to everything is overwhelming. I wish i had 1% of it.,40,s9b60l,Sadhguru,https://v.redd.it/zdyijqnxp1d81,3,,1642773045.0
175,Inner engineering online website technical issue,9,s9f84a,Sadhguru,https://www.reddit.com/r/Sadhguru/comments/s9f84a/inner_engineering_online_website_technical_issue/,3,"Hello, Has anyone had an issue with the inner engineering online program? I watched the first session last night and when it ended I got a congratulations on completing the program, now I cannot access the 2nd session. The website considers my account as having watched all 7 sessions!

&#x200B;

I have been passed around various departments. Live chat, innerengineeringuk, inner engineering and no one can help me with my issue. This is frustrating as the course is not cheap. ANy adivce?",1642784088.0
176,"Indeed!! A Guru is a Presence, Not a Person.",24,s96hzn,Sadhguru,https://i.redd.it/euifvdbx90d81.jpg,2,,1642755475.0
177,Vibes after Isha Kriya,21,s97081,Sadhguru,https://i.redd.it/e7i72kt7g0d81.jpg,2,,1642757593.0
178,Yoga practices order,9,s95voq,Sadhguru,https://www.reddit.com/r/Sadhguru/comments/s95voq/yoga_practices_order/,3,"In the IEO platform on SHIVA NAMASKAR q&a is written that shiva namaskar should be done before any practice besides guru pooja (which I don‚Äôt do) but on this image (an official hatha yoga teacher form Isha made a list order for practices) https://ibb.co/V2RwF8t

Its the last one, help

I want to do: 
Full Upa yoga
Nadi shuddhi 
Yoga namaskar
Shambhavi mahamudra
Shiva namaskar
Isha kriya
Infinity meditation
AUM chanting (or Nada Yoga)
Optional chit shakti

What should the order be please üôèüèº",1642752765.0
179,Once Sadhguru said...,46,s8l16s,Sadhguru,https://i.redd.it/l5bgju7vyuc81.jpg,5,,1642691221.0
180,"When our spouse is a fellow traveler, the journey surely becomes easy. Who or what do you think your spouse is in your journey..?",26,s8nqdi,Sadhguru,https://i.redd.it/uor2wujkkvc81.jpg,1,,1642698524.0
181,Inner Engineering - A tool for transformation üôèüèΩüßòüèª‚Äç‚ôÇÔ∏è,29,s8md50,Sadhguru,https://v.redd.it/j825xoxn9vc81,1,,1642694886.0
182,This particular practice has helped me so much to have a clear perception of 'Where i wanna go in life?'. I was so confused about what to do and what not to do but now this has really made things clear for me.,32,s8kub7,Sadhguru,https://i.redd.it/i3jilh8bxuc81.jpg,7,,1642690701.0
183,"There is a Timeless One, whose Company You must find.",32,s8kujv,Sadhguru,https://i.redd.it/in5g8aadxuc81.jpg,0,,1642690719.0
184,Bhairavi Sadhana or Chit Shakti Meditation,9,s8nbhx,Sadhguru,https://www.reddit.com/r/Sadhguru/comments/s8nbhx/bhairavi_sadhana_or_chit_shakti_meditation/,9,Namaskaram. I am having hard time deciding upon a practice for fulfilling some of the desires I am having a hard time manifesting just through hard work. Please Help.,1642697449.0
185,Disadvantage of Bhakti,47,s81gjh,Sadhguru,https://v.redd.it/sd8wf6huspc81,16,,1642628717.0
186,Is Sadhguru's schedule about events and other happenings available somewhere?,6,s83yep,Sadhguru,https://www.reddit.com/r/Sadhguru/comments/s83yep/is_sadhgurus_schedule_about_events_and_other/,15,"I've searched in the Isha Foundation website in the Events section, but the info there is limited. In any case, I would really like to attend one or more events where Sadhguru himself is present, so any info regarding the events in which he's gonna partake would be really appreciated.",1642635091.0
187,How can I learn Surya Kriya?,11,s7y1gv,Sadhguru,https://www.reddit.com/r/Sadhguru/comments/s7y1gv/how_can_i_learn_surya_kriya/,4,"Hello friends, I'm very interested in learn Surya Kriya, I have been practicing Surya Namaskar for months and I'm interested on learn Surya Kriya but my city doesn't offer programs, is there any online program or guideline I could follow? thank you",1642620056.0
188,Isha Kriya,9,s7yr46,Sadhguru,https://www.reddit.com/r/Sadhguru/comments/s7yr46/isha_kriya/,4,Is there an initiation to the 42day of isha kriya or should i just start by myself?,1642621834.0
189,Karma plays different roles in our life. We should make use of it consciously for our wellbeing.,33,s7o7uj,Sadhguru,https://v.redd.it/4yfzxoicsmc81,1,,1642592200.0
190,Have you experienced it?,23,s7qoqr,Sadhguru,https://i.redd.it/c7qz51onhnc81.jpg,0,,1642600686.0
191,Does my rudraksha need a tassle? Whats its purpose here?,8,s7wuj2,Sadhguru,https://www.reddit.com/r/Sadhguru/comments/s7wuj2/does_my_rudraksha_need_a_tassle_whats_its_purpose/,3,"Recently,  i restrung my rudraksha 2",1642617007.0
192,"As the Full moon Flirtations draw to a close, what was the best moment for you in the last year's full moon Flirtations satsang?",29,s7ig2c,Sadhguru,https://www.reddit.com/r/Sadhguru/comments/s7ig2c/as_the_full_moon_flirtations_draw_to_a_close_what/,9,"Full moon Flirtations was one of the most wonderful experiences of my life! Like all things however, this too must end. I'm sure we all had multiple moments of wonder, awe, happiness, intrigue and laughter! Which moment was the best one for you?",1642569645.0
193,Sadhguru's view on women who don't want to have kids,15,s7giza,Sadhguru,https://www.reddit.com/r/childfree/comments/s4uh53/sadhgurus_view_on_women_who_dont_want_to_have_kids/,0,,1642563684.0
194,Last Full Moon Satsang with Sadhguru | 18th Jan 7 PM IST,18,s7aiu1,Sadhguru,https://www.youtube.com/watch?v=tc8KBH-XXik,2,,1642546773.0
195,Follow These 3 Tips and Become Super Successful Leader | Leadership Tips...,8,s70bq6,Sadhguru,https://youtube.com/watch?v=jcvwHZ6ORtU&feature=share,0,,1642520361.0
196,The Greatest Warrior Was Born on this Day | Sadhguru,14,s6hkvz,Sadhguru,https://www.youtube.com/watch?v=1ZPCLjvOWZE,0,,1642460310.0
197,"What exactly does Sadhguru mean when he says, ""Be Absolutely intense?""",1,s6oaps,Sadhguru,https://www.reddit.com/r/Sadhguru/comments/s6oaps/what_exactly_does_sadhguru_mean_when_he_says_be/,3,I've read a few articles but still don't understand the concept of intensity and How can I make my sadhana as intense as possible?,1642479234.0
198,"question when finishing restringing my mala, do i make a new tassle with the string from the kit? and how attach it?",4,s69xge,Sadhguru,https://www.reddit.com/r/Sadhguru/comments/s69xge/question_when_finishing_restringing_my_mala_do_i/,2,,1642441615.0
199,Overcome Laziness and Grow,43,s5u0r1,Sadhguru,https://v.redd.it/yytgrrzw56c81,2,,1642390967.0
200,What is the significance of doing Shambhavi at midnight and why is this not recommended?,9,s5yj3q,Sadhguru,https://www.reddit.com/r/Sadhguru/comments/s5yj3q/what_is_the_significance_of_doing_shambhavi_at/,1,,1642406066.0
201,"The cow is one animal which responds to your own grief and sorrow. Suppose you are very miserable, the cow feels this and sheds tears for your pain. That is the reason why in India it was said you should not kill a cow because its emotions are close to that of a human being. -Sg",36,s5eosg,Sadhguru,https://i.redd.it/u3tijhzxn2c81.jpg,0,,1642348563.0
202,Don't be a slave to the situations.,27,s5dwxl,Sadhguru,https://v.redd.it/g49oy3kpg2c81,0,,1642346242.0
203,Adiyogi is everywhere,18,s5azv3,Sadhguru,https://i.redd.it/7hkr3va2o1c81.jpg,0,,1642336490.0
204,What if people take advantage of you in that case?,26,s58bk8,Sadhguru,https://v.redd.it/8ttgcj6tr0c81,2,,1642325669.0
205,Who else does shambhavi mahamudra at night ?,8,s56wpf,Sadhguru,https://www.reddit.com/r/Sadhguru/comments/s56wpf/who_else_does_shambhavi_mahamudra_at_night/,10,"It's very cold here and no matter what I do , I can't seem to get my mind fixated at doing kriya twice a day . This is the third time I would have missed out on completing my 40 day mandala . 

&#x200B;

So I usually wake up very late .  9 AM , and the breakfast is shoved into you ( indian family ) . And there it goes , cant do kriya till next 4 hours , by then it's lunch time plus work from home begins by that time . So can't take time off either . 

My first session happens at 6 PM , next one at 12 PM midnight . 

&#x200B;

I know , only ascetics should do it at night , but I can't seem to bring myself to it during the day between people . I feel so safe when there's no one around .",1642319765.0
206,Soaked in grace I shed layers of fear... Shedding skin I can be - who ever I want to be... Personality helped me on stage of life... Baring all I can be - what ever I want to be... Never had I Ever arrived... Transformed I'm here I belonged to be... Body a stepping stone to - where ever I want to be,31,s4yxgf,Sadhguru,https://i.redd.it/goiow7q74yb81.jpg,12,,1642293495.0
207,What Makes A Soldier Different | Sadhguru #shorts #sadhguru #IndianArmy #IndianArmyDay,10,s4wh3g,Sadhguru,https://www.youtube.com/watch?v=Ewx3rf75xzs,0,,1642286649.0
208,karma means you are the maker o your life.,31,s4fiap,Sadhguru,https://v.redd.it/b2733d708tb81,0,,1642234236.0
209,I was exhausted and imbalanced with my own Intensity. It made me identify with silly shorcomings. Denying myself the elixir of life. It never occured to me that it's because I was not prepared enough. After applying tools of yoga in my life I dare to be a badass in all spheres and be compassionate.,37,s46i7t,Sadhguru,https://i.redd.it/sx85brslsqb81.jpg,2,,1642204842.0
210,"Isha Forest Flower, January edition",5,s3u12m,Sadhguru,https://isha.sadhguru.org/magazine/forest-flower/2022/1/,0,,1642171574.0
211,Sadhguru said that people in a deep state of samadhi can leave the body with the slightest disturbance in atmosphere‚Ä¶ not sure if he means they can still come back‚Ä¶? I suppose he means that people in these samadhi states have left their bodies from the Sahasrara chakra?,3,s3uo8n,Sadhguru,https://www.reddit.com/r/Sadhguru/comments/s3uo8n/sadhguru_said_that_people_in_a_deep_state_of/,3,,1642173228.0
212,This would have not made any sense to be few years back. I would dread going to a temple. I feel I evolved in past one year as much as I would have done in like 20 years. Never ever would have known about the depths I carry within me if it was not for the sacred spaces. And consecrated spaces.,35,s3dv9i,Sadhguru,https://i.redd.it/zc2gpelrpjb81.jpg,0,,1642119139.0
213,So Sadhguru said to not wear rings on one‚Äôs thumb due to the negative energies it can attract. What about the index or middle finger? What do yogic systems say about wearing rings on these fingers? I heard kings can generally wear rings on the index finger?,2,s3u96p,Sadhguru,https://www.reddit.com/r/Sadhguru/comments/s3u96p/so_sadhguru_said_to_not_wear_rings_on_ones_thumb/,8,,1642172168.0
214,A documentary on beautiful Viji,0,s3tt9u,Sadhguru,https://www.youtube.com/watch?v=-EbIeyzubq8,4,,1642170972.0
215,Damn that's hilarious,61,s32lsa,Sadhguru,https://i.redd.it/t2ugz9nc9hb81.jpg,0,,1642089404.0
216,"Being an Indian, since my childhood I have bern asked to be grateful to our mother Earth because we thrive on it. Sadly we tend to forget the importance of that in our life, which is freely available. Same goes with the soil. I wasn't aware of this problem which Sadhguru has recently highlighted",37,s2uuhi,Sadhguru,https://v.redd.it/y3yeeilg3fb81,0,,1642063470.0
217,"Hello, the last few days, after chanting aum and going to sleep, listening to some relaxing music, i fall asleep and then after some time i feel tremendous vibrations that almost wake me up but in a weird state, i am not awake yet, i am not sleeping either, i also have some visions or images.",11,s2wv9q,Sadhguru,https://www.reddit.com/r/Sadhguru/comments/s2wv9q/hello_the_last_few_days_after_chanting_aum_and/,7,"Continuing here....I find it hard to gain control, i am conscious of what's happening but the vibrations are sooo powerful and maybe i am not yet used to it. I wanted to tell someone, maybe some of you had similar experiences. I would like to know if you had and what can  i do to make the best out of these experiences. Thank you.",1642071453.0
218,"This song by Sadhguru from last year, still relevant this year.. To Be, to Breathe..",9,s2uwjy,Sadhguru,https://www.reddit.com/r/Sadhguru/comments/s2uwjy/this_song_by_sadhguru_from_last_year_still/,0,"They say a new year has arrived
But the Sun feels the same to me
The clouds are the same unreliable forms,
The Moon continues to play the blushing bride
of showing herself in wax and wane.
Am I missing something!
I squat to touch the ever reliable
Terra firma, a fistful of wet sod.
It all feels the same.
Then I close my eyes as it is the
nature of my tribe to close eyes
when we really wish to see.

Ah' now I see I am lighter by a year.
As the burden of years peel off
I am lighter of the years gone by.
The exhilaration of being closer
to the Destination, the joy of
the journey multiplies.
To Be, to Breathe is Bliss

-Sadhguru",1642063706.0
219,What Karma Can Do to You | Sadhguru #shorts #karma #sadhguru,10,s2il4l,Sadhguru,https://www.youtube.com/watch?v=qgwSpedXycM,0,,1642025792.0
220,Human beings can do better things,67,s1yipu,Sadhguru,https://i.redd.it/hmn5tqfn17b81.jpg,1,,1641965745.0
221,Now this is something I want to get involved in. I understand that the agricultural soil is not in a great condition. How do I volunteer for Conscious Planet?,27,s1ywa2,Sadhguru,https://i.redd.it/9rcxo9nj57b81.jpg,3,,1641967056.0
222,Can Ayahuasca Give An Intense Spiritual Experience Sadhguru Answers,4,s28eo8,Sadhguru,https://youtu.be/dtKGm5Z96f0,0,,1641999973.0
223,What is difference between Brahmacharya and Sanyasi?,7,s25560,Sadhguru,https://www.reddit.com/r/Sadhguru/comments/s25560/what_is_difference_between_brahmacharya_and/,1,"Will be doing Shambhavi Mahamudra initiation this month.   


But I also have plans doing Sadhanapada, if it goes well I am considering taking Sanyasi or Brahmacharya paths further down the road.",1641990519.0
224,Breath...,28,s1nwp0,Sadhguru,https://i.redd.it/pjg4rdx1l4b81.jpg,0,,1641935950.0
225,Does a fruit juice mix count as a meal,2,s21qdv,Sadhguru,https://www.reddit.com/r/Sadhguru/comments/s21qdv/does_a_fruit_juice_mix_count_as_a_meal/,3,"I love to drink fruit juices but I was wondering whether that breaks the 8hr gap between meals

Thanks",1641977711.0
226,Well shall we not think about our career or family? Someone please explain what he exactly meant here,49,s1e6pd,Sadhguru,https://v.redd.it/urz91mi0k2b81,11,,1641911421.0
227,Time,10,s1gd2b,Sadhguru,https://v.redd.it/2j183egy03b81,2,,1641917106.0
228,Copper oxidation,7,s1a31f,Sadhguru,https://www.reddit.com/r/Sadhguru/comments/s1a31f/copper_oxidation/,6,"Hello,
my copper water bottle is getting green/blueish can I keep drinking even with oxidation going on or should I treat it?

Thanks

Found it : 

https://www.ishalife.com/in/copper-cleaning-instructions",1641897626.0
229,Caloric Intake - Is there a way to increase?,3,s1f4zo,Sadhguru,https://www.reddit.com/r/Sadhguru/comments/s1f4zo/caloric_intake_is_there_a_way_to_increase/,4,"Hi all,  


I am new here and am looking to insert some of Sadghuru's advice into my life. Starting with diet. I eat currently around 3000 calories to maintain my body weight, I am a leaner individual. I am finding it difficult as to how I would use his nutritional advice, keep up this caloric intake. Any advice?",1641913933.0
230,One meal per day everyday,1,s1dwvb,Sadhguru,https://www.reddit.com/r/Sadhguru/comments/s1dwvb/one_meal_per_day_everyday/,11,"I want to bring my diet as the title says help me elaborate a complete meal as Sadhguru suggest üòÅ

- Peanuts
- Isha grain mix
- What vegetables? Beet?
- What fruit? Lemon?
-  honey? Ghee?

Anything else?

Remember this meal should be same everyday

Thank you üôèüèº",1641910683.0
231,Help could use some insight.,5,s13ihv,Sadhguru,https://www.reddit.com/r/Sadhguru/comments/s13ihv/help_could_use_some_insight/,7,I struggle with compulsions such as watching porn. I‚Äôve decided to start isha kriya again an make it a daily practice again. My struggle I‚Äôm having is because of my compulsion of watching porn maybe 1-2 a week will this hinder the process of isha Kriya from distancing myself from my mind and body? Or will this naturally fade away as I continue to do the kriya?I plan to do the inner engineering program and the shambhavi eventually within the next month when I have the money as well. I just worry that I will not see progress with this compulsion I‚Äôm struggling with.,1641873291.0
232,This is what it means to be in the moment. Isn't it?,54,s0n9j1,Sadhguru,https://i.redd.it/fspmul11vva81.png,4,,1641830344.0
233,Benefits of Fasting | Sadhguru,12,s0w877,Sadhguru,https://www.youtube.com/watch?v=LgvgQgtng0U,0,,1641852929.0
234,Isn't it simple to experience the life?,32,s0j38w,Sadhguru,https://i.redd.it/wnfqp17uuua81.jpg,1,,1641818173.0
235,Director of your Life,29,s0ik7x,Sadhguru,https://v.redd.it/bza2jx14pua81,0,,1641816294.0
236,How I felt after taking Inner Engineering,27,s0hxig,Sadhguru,https://i.redd.it/0dxt509hiua81.jpg,0,,1641814074.0
237,How is everyone‚Äôs Bhairavi Sadhana going?,25,s0hkdk,Sadhguru,https://i.redd.it/3qdr6n0meua81.jpg,4,,1641812716.0
238,Liberating the Mind Taking Charge of Your Destiny Aubrey Marcus Interviews Sadhguru,6,s0nmma,Sadhguru,https://youtu.be/WCYIVUcIrMY,0,,1641831255.0
239,I had a dream of sadhguru a while ago when i was starting the isha kryia but then I stopped doing it and havent seen him since,14,s0eodb,Sadhguru,https://www.reddit.com/r/Sadhguru/comments/s0eodb/i_had_a_dream_of_sadhguru_a_while_ago_when_i_was/,51,Was this some sort of initiation is sadhguru supposed to he my guru?,1641801284.0
240,Opinion on supplements/nootropics/herbs,6,s0bz5j,Sadhguru,https://www.reddit.com/r/Sadhguru/comments/s0bz5j/opinion_on_supplementsnootropicsherbs/,2,"Hello,
I used to be a nootropic expert and I can‚Äôt wrap my head around not taking supplements such aid to my life, but I need an opinion of someone who has a more holistic approach (Ayurveda for ex).
Besides having the regular ashwaghanda/neem/tumeric/lemon/bilva/holy basil in the morning what could be Sadhguru opinion on taking these supplements/herbs in addition:

Ones I actually take:
- vitamin D3 (in winter no sun)
- L-Carnitine (converts fat into energy)
- Bacopa Monnieri (sattvic herb for brain and memory)
- Zinc (I don‚Äôt know about this one, but majority of population is deficient)
- [Detox complex](https://www.amazon.it/dp/B07QG457XJ/ref=cm_sw_r_cp_api_glt_i_Q39VXG46BY0BD5PB59ZP)
- Antioxidant: astaxanthin (I don‚Äôt know about this one neither)
- Zeolite

Ones I stopped taking:
- Omega 3 (I don‚Äôt take this anymore, since I moved to nuts and nuts and nuts, but still opinions?)
- Noopept (boosts bdngf and ngf throught acetylcholine and glutamate, but I don‚Äôt think I need external boost anymore)
- Magnesium + Potassium (only in summer I take)
- Probiotics (only when I have problems with stomach, almost never)
- ginko Biloba (too stimulant)
- rhodiola rosea (its great but I‚Äôm scared of side effects since it‚Äôs too great)
- 9-me-bc (here we get technical so just don‚Äôt worry about this one it‚Äôs alredy out)",1641791886.0
241,Breakfast or Pre-yoga meal,5,s0bhb7,Sadhguru,https://www.reddit.com/r/Sadhguru/comments/s0bhb7/breakfast_or_preyoga_meal/,12,"Hello! 
for breakfast I have groundnuts with banana, but I eat at 10.00. 
My yoga starts at 3.30/4.00 and we are advised to take neem with turmeric, but I‚Äôm also troubled whether or not should I take lemon, hot water and 2 dates also before doing my Sadhana (maybe soaked nuts too?)

Thanks",1641790311.0
242,Farm Bill Good or Bad for India,2,s0fdcl,Sadhguru,https://youtu.be/PqRmklV4Acs,0,,1641804044.0
243,One year of Inner Engineering Completion and this is how my life has become now..,33,rzvlk0,Sadhguru,https://www.reddit.com/r/Sadhguru/comments/rzvlk0/one_year_of_inner_engineering_completion_and_this/,11,"I remember, last year on this day, my house was getting renovated but I'd registered for Inner Engineering Completion. I was sitting in the middle of a half constructed room, early in the morning, waiting to experience the 'Shambhavi' high. It was the first online batch, there were so many volunteers who reached out to me to ensure my experience was as seamless as possible. What a wonderful day that was. 
Since then, my life for one year went by so fast with so many changes, so many beautiful beginnings, so many life changing moments, met the most genuine people, and the most important of all - got a living Master, a Guru for myself.
Life transformed in ways beyond my understanding. My life was extremely chaotic before. I just wouldn't know why I was so unhappy and unsatisfied, but now there are so many things to be happy about and so many things to look forward to. The most important thing is to be willing to life. I got a taste of how beautiful life can be if I am willing. 
Thanks to Sadhguru for this wonderful offering, I'll treasure it forever!",1641746497.0
244,So simple answer and still it made me laugh.. Lol,40,rztsdp,Sadhguru,https://v.redd.it/c0vst51fioa81,2,,1641741355.0
245,Ep 08 - Through the Cultural Mosaic of America | Ride with Sadhguru Vlog,12,s038jr,Sadhguru,https://www.youtube.com/watch?v=XgC4MBtZauU,1,,1641766776.0
246,A sadhana for the spine - the axis of the universe.,45,rzqr4w,Sadhguru,https://i.redd.it/zjbzc64ipna81.jpg,7,,1641731649.0
247,Let everything happen to you!,31,rzp7u5,Sadhguru,https://v.redd.it/lj2ly4dv7na81,0,,1641725731.0
248,"Likes and dislikes are the basis of your bondage, a karma generating machine.",22,rzq7lw,Sadhguru,https://v.redd.it/hb8qvesmana81,1,,1641729618.0
249,What is Yoga? A journey or a destination?,8,rzwnc3,Sadhguru,https://youtu.be/FfZDbj5e6ko,0,,1641749355.0
250,I have never seen this side of him. have you ?,11,rztq95,Sadhguru,https://v.redd.it/k2i9357rcoa81,3,,1641741193.0
251,Sadhguru: Can Women Succeed in Today's Modern Economy? | Women in Econom...,5,rzrp8p,Sadhguru,https://youtube.com/watch?v=HWTY6Cmgm_M&feature=share,0,,1641734871.0
252,Purpose of Life,53,rz2frb,Sadhguru,https://v.redd.it/iiisiknmgha81,7,,1641656041.0
253,Alright so I think I kinda had a wrong idea about being spiritual..,36,rz2jgu,Sadhguru,https://v.redd.it/lzyxf2ikhha81,1,,1641656334.0
254,Ep 07 - Spirit of the Grand Canyon | Ride with Sadhguru Vlog,5,rzbg9h,Sadhguru,https://www.youtube.com/watch?v=ObjUXmxo1IQ,0,,1641679795.0
255,Am I doing the right or wrong thing. #sadhguru,41,ryui3t,Sadhguru,https://v.redd.it/pji4wbcx3fa81,2,,1641627544.0
256,The recipes in this book are so so so amazing. I've tried literally all the salad recipes and they were fab. Cannot wait to try everything else. Do any of you have this book? What's your most fav recipe from here?,36,rydhuv,Sadhguru,https://i.redd.it/4xk8f16u1ba81.jpg,4,,1641578389.0
257,Holding Memory at Distance,42,ry5ebg,Sadhguru,https://v.redd.it/oe4451y749a81,0,,1641554989.0
258,Sadhguru's Skydiving Adventure ‚Äì Treasured Moments Episode 1 | Sadhguru,7,ryj3mb,Sadhguru,https://www.youtube.com/watch?v=JPEx3KkDP8Y,0,,1641592557.0
259,How to manifest what you want?,17,rycf96,Sadhguru,https://www.reddit.com/r/Sadhguru/comments/rycf96/how_to_manifest_what_you_want/,8,"Everything we as human beings have created on this planet first found expression in the mind, then it got manifested in the outside world. The wonderful things that we have done on this planet and the horrible things that we have done on this planet both have come from the human mind. If we are concerned as to what we create in this world, it is extremely important that first we learn to create the right things in our mind. If we do not have the power to keep our minds the way we want, what we create in the world is also going to be very accidental and haphazard.

If you¬†bring your mind to a certain level of organization, your body, emotion, and the fundamental life energies get organized in that direction. Once all these four dimensions of you are organized in one direction anything that you wish happens without even lifting a finger. It would help to assist it with activity, but even without doing any activity you can still manifest what you want, if you organize these four dimensions in one direction and keep it unwavering in that direction for a certain period of time.¬†",1641575642.0
260,Is there any significance for 48hours fast in yogic science?,6,ry7vno,Sadhguru,https://www.reddit.com/r/Sadhguru/comments/ry7vno/is_there_any_significance_for_48hours_fast_in/,3,,1641563665.0
261,You can find Sadhguru's latest videos here!,3,ry7dep,Sadhguru,https://youtube.com/channel/UCy9MKS0ZVutEd5PWbzcaY2w,0,,1641562136.0
262,The Amazing Power Of Your Spine ‚Äì Sadhguru,6,ry1cu9,Sadhguru,https://youtu.be/mF3oHpcWcd8,0,,1641538845.0
263,Kali Yuga ‚Äì The Science Behind the Cycle of Yugas and the End of Kali Yuga,9,rxt3gf,Sadhguru,https://isha.sadhguru.org/in/en/wisdom/article/kali-yuga-end-lies-ahead,0,,1641514116.0
264,Jusy total involvement... Trying to do this...,31,rxiyct,Sadhguru,https://i.redd.it/cv0zii0sj3a81.jpg,3,,1641487567.0
265,How long to wait after smoking weed to do Shambhavi Mahamudra?,16,rxo2gg,Sadhguru,https://www.reddit.com/r/Sadhguru/comments/rxo2gg/how_long_to_wait_after_smoking_weed_to_do/,11,"Yes I smoke weed, yes I know it‚Äôs not the best for you, yes I am trying to quit. But if anyone can answer I would really appreciate it. 

Usually I wait about 8-10 hours just to be safe, but I know for cigarettes you only have to wait 1 and a half hours. I don‚Äôt like waiting so long to do the practice so I‚Äôm hoping I don‚Äôt really have to wait that long. I don‚Äôt even feel the effects of weed after 2 hours.",1641500773.0
266,What do you do the first thing in the morning?,55,rxccnx,Sadhguru,https://v.redd.it/gwkti70by1a81,10,,1641468279.0
267,"..... And now, Yoga !",33,rxf4ks,Sadhguru,https://v.redd.it/se4k8k52p2a81,1,,1641477278.0
268,I was so into hiaku for short rhythmic stance. Before I read eternal ethos. Never experienced poetry so profound and multidimensional that touched me so much. Each word etched a unique mark. Maintaining my haiku love tho. What do you all think about piercing subtlety in poetry?,29,rxf7bg,Sadhguru,https://www.reddit.com/gallery/rxf7bg,2,,1641477512.0
269,It's Good to Be Selfish | Sadhguru #shorts #sadhguru #selfish,5,rxq244,Sadhguru,https://www.youtube.com/watch?v=LzMRDQL0-bg,0,,1641506087.0
270,What yoga should I do as a beginner?,4,rxstma,Sadhguru,https://www.reddit.com/r/Sadhguru/comments/rxstma/what_yoga_should_i_do_as_a_beginner/,2,"I have the Sadhguru app and I‚Äôve been doing some of the free meditations for about a month now. Should I be doing all of them back to back every day? 
Also I noticed there‚Äôs more serious yoga practices, and I was wondering if there‚Äôs an order that I should start doing them in, or if I should just stick to the ‚Äúfree yoga tools‚Äù list on the app for now. Thank you",1641513432.0
271,Value of mind,12,rxhbp8,Sadhguru,https://v.redd.it/uubil6kt63a81,0,,1641483246.0
272,Free Hindu Temples From Govt Control,10,rx8mqk,Sadhguru,https://youtu.be/7Mnx_OJmSBI,0,,1641453902.0
273,One can do what they thought,8,rx81h6,Sadhguru,https://v.redd.it/1phao5uuk0a81,0,,1641451630.0
274,Yogasanas,4,rx7ozg,Sadhguru,https://www.reddit.com/r/Sadhguru/comments/rx7ozg/yogasanas/,0,How Yogasanas Are A Path to Enlightenment | Sadhg‚Ä¶: https://youtu.be/PXeT9eLKMwE,1641450349.0
275,Can someone provide details for shoonya meditation? I am planning to go through the initiation and I want to know how long does it take.,7,rx24ia,Sadhguru,https://www.reddit.com/r/Sadhguru/comments/rx24ia/can_someone_provide_details_for_shoonya/,7,,1641431060.0
276,Remind yourself!,58,rwmh2x,Sadhguru,https://v.redd.it/405d8kxabv981,5,,1641387887.0
277,The Fierce Yogis of Southern Kailash | Sadhguru,8,rwxnoe,Sadhguru,https://www.youtube.com/watch?v=AduPxFL-ol8,0,,1641419240.0
278,Tips To Sleep Well From Sadhguru,5,rwr0ok,Sadhguru,https://youtu.be/Lb30VZN-0Zw,0,,1641400768.0
279,This book by sadhguru is an eye opener.,37,rvwzf5,Sadhguru,https://www.reddit.com/gallery/rvwzf5,6,,1641310147.0
280,Love is not something that you do. Love is something that you are.,28,rvtw09,Sadhguru,https://v.redd.it/veli0krw5o981,1,,1641301345.0
281,Difference between Nadi Shuddhi and Nadhi shodhana. Benefits of alternate vs same side breathing?,11,rvxpph,Sadhguru,https://www.reddit.com/r/Sadhguru/comments/rvxpph/difference_between_nadi_shuddhi_and_nadhi/,6,"Hello, 

I first encountered Nadhi shodhana through a teacher I had, but I notice that there is a subtle difference. There are two different methods as far as i know. 

Sadhguru teaches to breath in and back out through the same nostril then switch to the other side. 

Other resources say to breath in, switch, then breath out through the opposite nostril. 

Does each method have a different benefit? 

Thank you for your help.",1641312053.0
282,On this native American journey Sadhguru explores many places in search of mysticism in America. One of which is starved Rock. A short poem in the end quiet shakes up the busy lives we live. What do you think of native American spirituality? I was earlier only fascinated but now intrigued.,28,rvoemp,Sadhguru,https://v.redd.it/nf346nh6em981,2,,1641280196.0
283,Yoga for people who are uncoordinated? Having trouble with yoga in app.,6,rvp067,Sadhguru,https://www.reddit.com/r/Sadhguru/comments/rvp067/yoga_for_people_who_are_uncoordinated_having/,5,"Ok, I'll put a disclaimer, I've never done a stretch in my life, at 21 years old I'm basically a ball of knots. I downloaded the Sadguru app and wanted to do some of the yoga, but literally on the first video with the arms I was throughly lost. I reqatched the first part of it five times and could not bring myself to follow along or catch on to exactly what he was doing with his hands, as he was moving too fast; and as far as I'm concerned it's magic. Don't know exactly what I did but one way or another in like 2 minutes I got less relaxation and pressure relief and more noisy bones and pain that wasn't there before.

 I tried to copy it but I am currently very poorly coordinated and could not do all those movements simultaneously, let alone move at the same pace, and I just wind up fully extending my arms in like One or two movements.

Could anyone here provide me with resources for these yoga movements that's a little more broken down? (Preferably with still pictures or a written format, I do awful with learning via video presentations).",1641282570.0
284,What's been your experience with Surya Kriya?,6,rvi01a,Sadhguru,https://www.reddit.com/r/Sadhguru/comments/rvi01a/whats_been_your_experience_with_surya_kriya/,2,I'm considering learning it from a local Isha teacher. She recommended learning it first. Just curious to hear what y'all think. Thanks.,1641260113.0
285,"Thoughts are useful, but not dependable.",19,rv3qss,Sadhguru,https://v.redd.it/f1wi28xenh981,0,,1641222472.0
286,Sadhguru in a rap song? Does anyone know the full name of the song and artist?,41,ruza9a,Sadhguru,https://v.redd.it/oe0qox99gg981,7,,1641207986.0
287,That sounds easy but i wonder if doing it is that easy or not?,18,rv184k,Sadhguru,https://v.redd.it/ithgsrkv0h981,3,,1641214910.0
288,"Rudraksha Diksha Initiation with Sadhguru - Online | January 3, 2022 #shorts",3,rvd2mo,Sadhguru,https://www.youtube.com/watch?v=KQbHKgSU6KE,0,,1641246719.0
289,"How long do you guys sleep , has anyone successfully reduced their sleep quota after isha practice , if so how long you did you sleep before the practice and after the practices , what practice have you been doing of isha yoga ?",15,ruaud4,Sadhguru,https://www.reddit.com/r/Sadhguru/comments/ruaud4/how_long_do_you_guys_sleep_has_anyone/,11,,1641134195.0
290,Finally it is happening..,26,ru5uhi,Sadhguru,https://i.redd.it/08ixb83hp8981.jpg,5,,1641114168.0
291,What meditation is recommended next after Isha Kriya?,16,ru3qm7,Sadhguru,https://www.reddit.com/r/Sadhguru/comments/ru3qm7/what_meditation_is_recommended_next_after_isha/,10,"Hi there.  I completed Isha Kriya for a 48 day mandala (twice a day) and am still doing this meditation from the Sadhguru app.  Is there a meditation that Sadhguru recommends to be done next?  

Thanks in advance and I look forward to your response back. 

Have a great day and wonderful New Year  ‚ú®üôèüèΩ‚ú®.",1641105384.0
292,"Of Mark Twain, Ecstasy & Enlightenment ‚Äì Author George Hammond with Sadhguru",5,ru3s09,Sadhguru,https://youtu.be/bw80n6iKeZ0,0,,1641105538.0
293,Just love the way he is calm and tells everything so nicely! Happy New Year to everyone!üôèüèº,51,rtfkvc,Sadhguru,https://v.redd.it/h7ym1ywxj1981,0,,1641027614.0
294,1 New Year's Resolution You Must Take! | Sadhguru #shorts #newyear,5,rtsw71,Sadhguru,https://www.youtube.com/watch?v=3_h9W_ont4E,1,,1641072136.0
295,EP 05 - Utah‚Äôs Miracle Rocks - Part 1 | Ride with Sadhguru Vlog,3,rtsw70,Sadhguru,https://www.youtube.com/watch?v=fTLeD70J9jo,0,,1641072136.0
296,2021 Highlights,19,rtg5qi,Sadhguru,https://v.redd.it/4bh1952hr1981,1,,1641030185.0
297,What is the chant he often does at the beginning of a satsang?,3,rtmxwf,Sadhguru,https://www.reddit.com/r/Sadhguru/comments/rtmxwf/what_is_the_chant_he_often_does_at_the_beginning/,2,Can somebody give me the name? Id love to find the lyrics,1641055234.0
298,How did Isha yoga save you ?,61,rsrgx1,Sadhguru,https://i.redd.it/qnmhtjdszu881.png,6,,1640948143.0
299,There are three versions of Hindu calendar.,28,rsrhdo,Sadhguru,https://v.redd.it/0qh4orcxzu881,0,,1640948197.0
